{
  "PctExtHyperlinks": 0.20562936633499349,
  "PctExtNullSelfRedirectHyperlinksRT": 0.16493830327211306,
  "PctExtResourceUrls": 0.08257141244830139,
  "FrequentDomainNameMismatch": 0.08168140747417413,
  "PctNullSelfRedirectHyperlinks": 0.06410817001066335,
  "NumDash": 0.041552083115229246,
  "NumNumericChars": 0.03451352252341377,
  "ExtMetaScriptLinkRT": 0.03393836909607718,
  "InsecureForms": 0.03196754328362326,
  "PathLevel": 0.02755549322150495,
  "SubmitInfoToEmail": 0.025325964366109247,
  "NumDots": 0.02011051329997708,
  "PathLength": 0.017835617932232636,
  "UrlLength": 0.015631005103937435,
  "NumSensitiveWords": 0.014861903846083591,
  "IframeOrFrame": 0.014465623518275395,
  "QueryLength": 0.014174666942020115,
  "NumQueryComponents": 0.013641518474388593,
  "HostnameLength": 0.01066713470589366,
  "PctExtResourceUrlsRT": 0.010261415043056242,
  "ExtFavicon": 0.009396144447641096,
  "NumUnderscore": 0.007039299620198392,
  "NumAmpersand": 0.006024082014890461,
  "NumDashInHostname": 0.005776814342678377,
  "SubdomainLevel": 0.005226652514846135,
  "AbnormalExtFormActionR": 0.004583526953144778,
  "RelativeFormAction": 0.004094469073084251,
  "UrlLengthRT": 0.003940461489611615,
  "IpAddress": 0.003168989250500922,
  "RandomString": 0.0028207188375142787,
  "MissingTitle": 0.0026954959501451236,
  "NumPercent": 0.0024332675188119103,
  "DomainInPaths": 0.0022654372569363783,
  "EmbeddedBrandName": 0.002218759209912985,
  "ExtFormAction": 0.00216592409118844,
  "SubdomainLevelRT": 0.0018218353176044496,
  "DomainInSubdomains": 0.0017998817166881545,
  "NoHttps": 0.0017595790815961242,
  "AbnormalFormAction": 0.0016664114712997902,
  "RightClickDisabled": 0.0014205006598192974,
  "ImagesOnlyInForm": 0.0007052019262056844,
  "TildeSymbol": 0.0006639158220308229,
  "PopUpWindow": 0.00035806340118070567,
  "NumHash": 0.00018763093989987447,
  "DoubleSlashInPath": 0.0001273569972848235,
  "FakeLinkInStatusBar": 0.00010440755981362785,
  "AtSymbol": 0.00010413852340368851,
  "HttpsInHostname": 0.0
}